case_id,source_path,output_glb,output_usdz,before_tris,after_tris,before_vertices,after_vertices,before_bytes,after_glb_bytes,after_usdz_bytes,before_bounds_m,after_anatomy_bounds_m,scale_factor,decimation_ratio,watertight_before,watertight_after,blender_used,usdz_status,validation_status,notes
public-prostate158-groundtruth-demo,C:\Users\nityj\OneDrive\Desktop\2 - Projects\Prostate View\prostateview-web-publish\public\demo-cases\public-prostate158-groundtruth-demo\model.glb,C:\Users\nityj\OneDrive\Desktop\2 - Projects\Prostate View\prostateview-web-publish\models_ar_human\public-prostate158-groundtruth-demo\model.glb,C:\Users\nityj\OneDrive\Desktop\2 - Projects\Prostate View\prostateview-web-publish\models_ar_human\public-prostate158-groundtruth-demo\model.usdz,265940,91976,132988,46175,5814452,194636,740252,"{""min"":[-0.02506,-0.020581,-0.024713],""max"":[0.026864,0.01684,0.017287]}","{""min"":[-0.02594,-0.018702,-0.021],""max"":[0.028938,0.018724,0.021]}",1.0,0.2753817224520496,4,7,False,ok,gltf_valid|size_ok|triangles_ok|usdz_present,palette_human; source_meter_scale_preserved; decimated_265900_to_73224; lesion_visibility_halos_added_1
public-prostate158-monai-inferred-demo,C:\Users\nityj\OneDrive\Desktop\2 - Projects\Prostate View\prostateview-web-publish\public\demo-cases\public-prostate158-monai-inferred-demo\model.glb,C:\Users\nityj\OneDrive\Desktop\2 - Projects\Prostate View\prostateview-web-publish\models_ar_human\public-prostate158-monai-inferred-demo\model.glb,C:\Users\nityj\OneDrive\Desktop\2 - Projects\Prostate View\prostateview-web-publish\models_ar_human\public-prostate158-monai-inferred-demo\model.usdz,109862,61350,55019,30897,2432328,149140,532584,"{""min"":[-0.016493,-0.01103,-0.019394],""max"":[0.017733,0.011047,0.017323]}","{""min"":[-0.017109,-0.010951,-0.018347],""max"":[0.017104,0.010951,0.018349]}",1.0,0.548778926186774,3,2,False,ok,gltf_valid|size_ok|triangles_ok|usdz_present,palette_human; source_meter_scale_preserved; decimated_109330_to_59998
pv-case-001,C:\Users\nityj\OneDrive\Desktop\2 - Projects\Prostate View\prostateview-web-publish\public\demo-cases\pv-case-001\model.glb,C:\Users\nityj\OneDrive\Desktop\2 - Projects\Prostate View\prostateview-web-publish\models_ar_human\pv-case-001\model.glb,C:\Users\nityj\OneDrive\Desktop\2 - Projects\Prostate View\prostateview-web-publish\models_ar_human\pv-case-001\model.usdz,63804,70476,33110,35524,260036,164844,594582,"{""min"":[-0.027605,-0.019308,-0.027741],""max"":[0.028454,0.01874,0.021782]}","{""min"":[-0.02803,-0.018994,-0.024762],""max"":[0.02803,0.018994,0.024762]}",1.0,1.0,4,13,False,ok,gltf_valid|size_ok|triangles_ok|usdz_present,palette_human; source_meter_scale_preserved; decimation_not_needed; lesion_visibility_halos_added_1
pv-case-002,C:\Users\nityj\OneDrive\Desktop\2 - Projects\Prostate View\prostateview-web-publish\public\demo-cases\pv-case-002\model.glb,C:\Users\nityj\OneDrive\Desktop\2 - Projects\Prostate View\prostateview-web-publish\models_ar_human\pv-case-002\model.glb,C:\Users\nityj\OneDrive\Desktop\2 - Projects\Prostate View\prostateview-web-publish\models_ar_human\pv-case-002\model.usdz,63804,70582,33119,35455,261468,166956,581862,"{""min"":[-0.035022,-0.031242,-0.040504],""max"":[0.035057,0.025023,0.035844]}","{""min"":[-0.035039,-0.028101,-0.038174],""max"":[0.035039,0.029361,0.038174]}",1.0,1.0,3,17,False,ok,gltf_valid|size_ok|triangles_ok|usdz_present,palette_human; source_meter_scale_preserved; decimation_not_needed; lesion_visibility_halos_added_1
pv-case-003,C:\Users\nityj\OneDrive\Desktop\2 - Projects\Prostate View\prostateview-web-publish\public\demo-cases\pv-case-003\model.glb,C:\Users\nityj\OneDrive\Desktop\2 - Projects\Prostate View\prostateview-web-publish\models_ar_human\pv-case-003\model.glb,C:\Users\nityj\OneDrive\Desktop\2 - Projects\Prostate View\prostateview-web-publish\models_ar_human\pv-case-003\model.usdz,63804,70574,33126,35455,258916,163572,579328,"{""min"":[-0.034752,-0.030342,-0.036856],""max"":[0.035968,0.02648,0.04111]}","{""min"":[-0.03536,-0.02838,-0.038983],""max"":[0.03536,0.02838,0.038983]}",1.0,1.0,3,17,False,ok,gltf_valid|size_ok|triangles_ok|usdz_present,palette_human; source_meter_scale_preserved; decimation_not_needed; lesion_visibility_halos_added_1
pv-case-004,C:\Users\nityj\OneDrive\Desktop\2 - Projects\Prostate View\prostateview-web-publish\public\demo-cases\pv-case-004\model.glb,C:\Users\nityj\OneDrive\Desktop\2 - Projects\Prostate View\prostateview-web-publish\models_ar_human\pv-case-004\model.glb,C:\Users\nityj\OneDrive\Desktop\2 - Projects\Prostate View\prostateview-web-publish\models_ar_human\pv-case-004\model.usdz,60488,64088,31456,32214,250512,149500,522342,"{""min"":[-0.036779,-0.019359,-0.030455],""max"":[0.035042,0.018006,0.026891]}","{""min"":[-0.035911,-0.018665,-0.028673],""max"":[0.035911,0.018665,0.028673]}",1.0,1.0,4,17,False,ok,gltf_valid|size_ok|triangles_ok|usdz_present,palette_human; source_meter_scale_preserved; decimation_not_needed; lesion_visibility_halos_added_1
pv-case-005,C:\Users\nityj\OneDrive\Desktop\2 - Projects\Prostate View\prostateview-web-publish\public\demo-cases\pv-case-005\model.glb,C:\Users\nityj\OneDrive\Desktop\2 - Projects\Prostate View\prostateview-web-publish\models_ar_human\pv-case-005\model.glb,C:\Users\nityj\OneDrive\Desktop\2 - Projects\Prostate View\prostateview-web-publish\models_ar_human\pv-case-005\model.usdz,58804,60470,30572,30483,249820,144172,506619,"{""min"":[-0.025492,-0.020502,-0.025364],""max"":[0.023377,0.018014,0.024926]}","{""min"":[-0.024434,-0.019239,-0.025145],""max"":[0.024434,0.019239,0.025145]}",1.0,1.0,3,10,False,ok,gltf_valid|size_ok|triangles_ok|usdz_present,palette_human; source_meter_scale_preserved; decimation_not_needed
pv-case-006,C:\Users\nityj\OneDrive\Desktop\2 - Projects\Prostate View\prostateview-web-publish\public\demo-cases\pv-case-006\model.glb,C:\Users\nityj\OneDrive\Desktop\2 - Projects\Prostate View\prostateview-web-publish\models_ar_human\pv-case-006\model.glb,C:\Users\nityj\OneDrive\Desktop\2 - Projects\Prostate View\prostateview-web-publish\models_ar_human\pv-case-006\model.usdz,61952,66981,32192,33667,253896,154624,548475,"{""min"":[-0.030991,-0.023387,-0.036972],""max"":[0.030607,0.024454,0.035367]}","{""min"":[-0.030799,-0.023902,-0.036169],""max"":[0.030799,0.023902,0.036169]}",1.0,1.0,4,16,False,ok,gltf_valid|size_ok|triangles_ok|usdz_present,palette_human; source_meter_scale_preserved; decimation_not_needed; lesion_visibility_halos_added_1
pv-case-007,C:\Users\nityj\OneDrive\Desktop\2 - Projects\Prostate View\prostateview-web-publish\public\demo-cases\pv-case-007\model.glb,C:\Users\nityj\OneDrive\Desktop\2 - Projects\Prostate View\prostateview-web-publish\models_ar_human\pv-case-007\model.glb,C:\Users\nityj\OneDrive\Desktop\2 - Projects\Prostate View\prostateview-web-publish\models_ar_human\pv-case-007\model.usdz,60320,63764,31364,32044,253424,151928,522271,"{""min"":[-0.035282,-0.027456,-0.038663],""max"":[0.034459,0.028539,0.033735]}","{""min"":[-0.034871,-0.027973,-0.036199],""max"":[0.034871,0.027973,0.036199]}",1.0,1.0,4,17,False,ok,gltf_valid|size_ok|triangles_ok|usdz_present,palette_human; source_meter_scale_preserved; decimation_not_needed; lesion_visibility_halos_added_1
pv-case-008,C:\Users\nityj\OneDrive\Desktop\2 - Projects\Prostate View\prostateview-web-publish\public\demo-cases\pv-case-008\model.glb,C:\Users\nityj\OneDrive\Desktop\2 - Projects\Prostate View\prostateview-web-publish\models_ar_human\pv-case-008\model.glb,C:\Users\nityj\OneDrive\Desktop\2 - Projects\Prostate View\prostateview-web-publish\models_ar_human\pv-case-008\model.usdz,58804,60732,30614,30534,250924,145092,509969,"{""min"":[-0.032893,-0.028626,-0.028423],""max"":[0.033063,0.025717,0.022443]}","{""min"":[-0.032978,-0.027141,-0.025433],""max"":[0.032978,0.027141,0.025433]}",1.0,1.0,3,15,False,ok,gltf_valid|size_ok|triangles_ok|usdz_present,palette_human; source_meter_scale_preserved; decimation_not_needed
pv-case-009,C:\Users\nityj\OneDrive\Desktop\2 - Projects\Prostate View\prostateview-web-publish\public\demo-cases\pv-case-009\model.glb,C:\Users\nityj\OneDrive\Desktop\2 - Projects\Prostate View\prostateview-web-publish\models_ar_human\pv-case-009\model.glb,C:\Users\nityj\OneDrive\Desktop\2 - Projects\Prostate View\prostateview-web-publish\models_ar_human\pv-case-009\model.usdz,63260,69932,32840,35254,246500,154992,534142,"{""min"":[-0.020948,-0.019854,-0.022922],""max"":[0.022154,0.012978,0.021302]}","{""min"":[-0.021551,-0.018083,-0.022112],""max"":[0.021551,0.016416,0.022112]}",1.0,1.0,4,13,False,ok,gltf_valid|size_ok|triangles_ok|usdz_present,palette_human; source_meter_scale_preserved; decimation_not_needed; lesion_visibility_halos_added_1
pv-case-010,C:\Users\nityj\OneDrive\Desktop\2 - Projects\Prostate View\prostateview-web-publish\public\demo-cases\pv-case-010\model.glb,C:\Users\nityj\OneDrive\Desktop\2 - Projects\Prostate View\prostateview-web-publish\models_ar_human\pv-case-010\model.glb,C:\Users\nityj\OneDrive\Desktop\2 - Projects\Prostate View\prostateview-web-publish\models_ar_human\pv-case-010\model.usdz,63802,70600,33099,35455,259160,163416,568136,"{""min"":[-0.032139,-0.027687,-0.030727],""max"":[0.029637,0.025647,0.025781]}","{""min"":[-0.030888,-0.026651,-0.028254],""max"":[0.030888,0.026651,0.028254]}",1.0,1.0,4,16,False,ok,gltf_valid|size_ok|triangles_ok|usdz_present,palette_human; source_meter_scale_preserved; decimation_not_needed; lesion_visibility_halos_added_1
pv-case-011,C:\Users\nityj\OneDrive\Desktop\2 - Projects\Prostate View\prostateview-web-publish\public\demo-cases\pv-case-011\model.glb,C:\Users\nityj\OneDrive\Desktop\2 - Projects\Prostate View\prostateview-web-publish\models_ar_human\pv-case-011\model.glb,C:\Users\nityj\OneDrive\Desktop\2 - Projects\Prostate View\prostateview-web-publish\models_ar_human\pv-case-011\model.usdz,61364,65778,31899,33057,254928,155196,538489,"{""min"":[-0.034368,-0.025538,-0.035781],""max"":[0.035867,0.023029,0.034497]}","{""min"":[-0.035117,-0.025337,-0.035139],""max"":[0.035117,0.024267,0.035139]}",1.0,1.0,3,17,False,ok,gltf_valid|size_ok|triangles_ok|usdz_present,palette_human; source_meter_scale_preserved; decimation_not_needed; lesion_visibility_halos_added_1
pv-case-012,C:\Users\nityj\OneDrive\Desktop\2 - Projects\Prostate View\prostateview-web-publish\public\demo-cases\pv-case-012\model.glb,C:\Users\nityj\OneDrive\Desktop\2 - Projects\Prostate View\prostateview-web-publish\models_ar_human\pv-case-012\model.glb,C:\Users\nityj\OneDrive\Desktop\2 - Projects\Prostate View\prostateview-web-publish\models_ar_human\pv-case-012\model.usdz,63772,70574,33090,35447,260156,164820,570474,"{""min"":[-0.032669,-0.021769,-0.03366],""max"":[0.033389,0.02277,0.029216]}","{""min"":[-0.033029,-0.022254,-0.031438],""max"":[0.033029,0.022254,0.031438]}",1.0,1.0,4,17,False,ok,gltf_valid|size_ok|triangles_ok|usdz_present,palette_human; source_meter_scale_preserved; decimation_not_needed; lesion_visibility_halos_added_1
pv-case-013,C:\Users\nityj\OneDrive\Desktop\2 - Projects\Prostate View\prostateview-web-publish\public\demo-cases\pv-case-013\model.glb,C:\Users\nityj\OneDrive\Desktop\2 - Projects\Prostate View\prostateview-web-publish\models_ar_human\pv-case-013\model.glb,C:\Users\nityj\OneDrive\Desktop\2 - Projects\Prostate View\prostateview-web-publish\models_ar_human\pv-case-013\model.usdz,59476,61808,30948,31192,249184,146096,504191,"{""min"":[-0.027025,-0.019892,-0.026479],""max"":[0.025446,0.017303,0.026117]}","{""min"":[-0.026236,-0.018581,-0.026298],""max"":[0.026236,0.018581,0.026298]}",1.0,1.0,4,13,False,ok,gltf_valid|size_ok|triangles_ok|usdz_present,palette_human; source_meter_scale_preserved; decimation_not_needed; lesion_visibility_halos_added_1
pv-case-014,C:\Users\nityj\OneDrive\Desktop\2 - Projects\Prostate View\prostateview-web-publish\public\demo-cases\pv-case-014\model.glb,C:\Users\nityj\OneDrive\Desktop\2 - Projects\Prostate View\prostateview-web-publish\models_ar_human\pv-case-014\model.glb,C:\Users\nityj\OneDrive\Desktop\2 - Projects\Prostate View\prostateview-web-publish\models_ar_human\pv-case-014\model.usdz,63108,69322,32760,34823,256508,159392,556051,"{""min"":[-0.031359,-0.024168,-0.026557],""max"":[0.031688,0.022895,0.030067]}","{""min"":[-0.031523,-0.023517,-0.028312],""max"":[0.031523,0.023517,0.028312]}",1.0,1.0,4,17,False,ok,gltf_valid|size_ok|triangles_ok|usdz_present,palette_human; source_meter_scale_preserved; decimation_not_needed; lesion_visibility_halos_added_1
pv-case-015,C:\Users\nityj\OneDrive\Desktop\2 - Projects\Prostate View\prostateview-web-publish\public\demo-cases\pv-case-015\model.glb,C:\Users\nityj\OneDrive\Desktop\2 - Projects\Prostate View\prostateview-web-publish\models_ar_human\pv-case-015\model.glb,C:\Users\nityj\OneDrive\Desktop\2 - Projects\Prostate View\prostateview-web-publish\models_ar_human\pv-case-015\model.usdz,58804,60732,30614,30534,247888,142100,497556,"{""min"":[-0.028349,-0.021165,-0.031181],""max"":[0.028007,0.019671,0.031384]}","{""min"":[-0.028178,-0.020403,-0.031283],""max"":[0.028178,0.020403,0.031283]}",1.0,1.0,3,15,False,ok,gltf_valid|size_ok|triangles_ok|usdz_present,palette_human; source_meter_scale_preserved; decimation_not_needed
pv-case-016,C:\Users\nityj\OneDrive\Desktop\2 - Projects\Prostate View\prostateview-web-publish\public\demo-cases\pv-case-016\model.glb,C:\Users\nityj\OneDrive\Desktop\2 - Projects\Prostate View\prostateview-web-publish\models_ar_human\pv-case-016\model.glb,C:\Users\nityj\OneDrive\Desktop\2 - Projects\Prostate View\prostateview-web-publish\models_ar_human\pv-case-016\model.usdz,58804,60664,30617,30496,250328,144336,503040,"{""min"":[-0.042026,-0.035865,-0.041314],""max"":[0.043224,0.032641,0.041187]}","{""min"":[-0.042625,-0.034231,-0.041251],""max"":[0.042625,0.034231,0.041251]}",1.0,1.0,2,15,False,ok,gltf_valid|size_ok|triangles_ok|usdz_present,palette_human; source_meter_scale_preserved; decimation_not_needed
pv-case-017,C:\Users\nityj\OneDrive\Desktop\2 - Projects\Prostate View\prostateview-web-publish\public\demo-cases\pv-case-017\model.glb,C:\Users\nityj\OneDrive\Desktop\2 - Projects\Prostate View\prostateview-web-publish\models_ar_human\pv-case-017\model.glb,C:\Users\nityj\OneDrive\Desktop\2 - Projects\Prostate View\prostateview-web-publish\models_ar_human\pv-case-017\model.usdz,58804,60728,30613,30519,249640,143724,506762,"{""min"":[-0.029162,-0.023217,-0.031695],""max"":[0.029702,0.018305,0.030872]}","{""min"":[-0.029432,-0.020745,-0.031284],""max"":[0.029432,0.020745,0.031284]}",1.0,1.0,2,14,False,ok,gltf_valid|size_ok|triangles_ok|usdz_present,palette_human; source_meter_scale_preserved; decimation_not_needed
pv-case-018,C:\Users\nityj\OneDrive\Desktop\2 - Projects\Prostate View\prostateview-web-publish\public\demo-cases\pv-case-018\model.glb,C:\Users\nityj\OneDrive\Desktop\2 - Projects\Prostate View\prostateview-web-publish\models_ar_human\pv-case-018\model.glb,C:\Users\nityj\OneDrive\Desktop\2 - Projects\Prostate View\prostateview-web-publish\models_ar_human\pv-case-018\model.usdz,63794,70360,33170,35308,262044,166324,576642,"{""min"":[-0.038561,-0.029092,-0.035796],""max"":[0.035067,0.028193,0.039804]}","{""min"":[-0.038684,-0.033165,-0.0378],""max"":[0.036814,0.02862,0.0378]}",1.0,1.0,2,17,False,ok,gltf_valid|size_ok|triangles_ok|usdz_present,palette_human; source_meter_scale_preserved; decimation_not_needed; lesion_visibility_halos_added_1
pv-case-019,C:\Users\nityj\OneDrive\Desktop\2 - Projects\Prostate View\prostateview-web-publish\public\demo-cases\pv-case-019\model.glb,C:\Users\nityj\OneDrive\Desktop\2 - Projects\Prostate View\prostateview-web-publish\models_ar_human\pv-case-019\model.glb,C:\Users\nityj\OneDrive\Desktop\2 - Projects\Prostate View\prostateview-web-publish\models_ar_human\pv-case-019\model.usdz,58804,60728,30604,30525,247900,141872,500073,"{""min"":[-0.036725,-0.043872,-0.039953],""max"":[0.038798,0.035465,0.039803]}","{""min"":[-0.037762,-0.03965,-0.039878],""max"":[0.037762,0.03965,0.039878]}",1.0,1.0,3,14,False,ok,gltf_valid|size_ok|triangles_ok|usdz_present,palette_human; source_meter_scale_preserved; decimation_not_needed
pv-case-020,C:\Users\nityj\OneDrive\Desktop\2 - Projects\Prostate View\prostateview-web-publish\public\demo-cases\pv-case-020\model.glb,C:\Users\nityj\OneDrive\Desktop\2 - Projects\Prostate View\prostateview-web-publish\models_ar_human\pv-case-020\model.glb,C:\Users\nityj\OneDrive\Desktop\2 - Projects\Prostate View\prostateview-web-publish\models_ar_human\pv-case-020\model.usdz,60040,63173,31258,31753,250364,148436,515848,"{""min"":[-0.027715,-0.023364,-0.035049],""max"":[0.029089,0.022607,0.034043]}","{""min"":[-0.028402,-0.023292,-0.034546],""max"":[0.028402,0.02297,0.034546]}",1.0,1.0,3,16,False,ok,gltf_valid|size_ok|triangles_ok|usdz_present,palette_human; source_meter_scale_preserved; decimation_not_needed; lesion_visibility_halos_added_1
pv-case-021,C:\Users\nityj\OneDrive\Desktop\2 - Projects\Prostate View\prostateview-web-publish\public\demo-cases\pv-case-021\model.glb,C:\Users\nityj\OneDrive\Desktop\2 - Projects\Prostate View\prostateview-web-publish\models_ar_human\pv-case-021\model.glb,C:\Users\nityj\OneDrive\Desktop\2 - Projects\Prostate View\prostateview-web-publish\models_ar_human\pv-case-021\model.usdz,58804,60472,30622,30522,200228,139980,502361,"{""min"":[-0.027306,-0.017516,-0.019634],""max"":[0.027057,0.015845,0.013445]}","{""min"":[-0.027182,-0.016664,-0.01654],""max"":[0.027182,0.016664,0.01654]}",1.0,1.0,2,11,False,ok,gltf_valid|size_ok|triangles_ok|usdz_present,palette_human; source_meter_scale_preserved; decimation_not_needed
pv-case-022,C:\Users\nityj\OneDrive\Desktop\2 - Projects\Prostate View\prostateview-web-publish\public\demo-cases\pv-case-022\model.glb,C:\Users\nityj\OneDrive\Desktop\2 - Projects\Prostate View\prostateview-web-publish\models_ar_human\pv-case-022\model.glb,C:\Users\nityj\OneDrive\Desktop\2 - Projects\Prostate View\prostateview-web-publish\models_ar_human\pv-case-022\model.usdz,63804,70702,33098,35499,212244,162732,570776,"{""min"":[-0.026214,-0.022019,-0.03265],""max"":[0.025582,0.021348,0.036424]}","{""min"":[-0.027324,-0.021675,-0.034537],""max"":[0.025898,0.026689,0.034537]}",1.0,1.0,4,17,False,ok,gltf_valid|size_ok|triangles_ok|usdz_present,palette_human; source_meter_scale_preserved; decimation_not_needed; lesion_visibility_halos_added_1
pv-case-023,C:\Users\nityj\OneDrive\Desktop\2 - Projects\Prostate View\prostateview-web-publish\public\demo-cases\pv-case-023\model.glb,C:\Users\nityj\OneDrive\Desktop\2 - Projects\Prostate View\prostateview-web-publish\models_ar_human\pv-case-023\model.glb,C:\Users\nityj\OneDrive\Desktop\2 - Projects\Prostate View\prostateview-web-publish\models_ar_human\pv-case-023\model.usdz,60128,63354,31276,31847,206160,149764,517414,"{""min"":[-0.030005,-0.020022,-0.034244],""max"":[0.027694,0.018693,0.028312]}","{""min"":[-0.028849,-0.01934,-0.031278],""max"":[0.028849,0.01934,0.031278]}",1.0,1.0,4,17,False,ok,gltf_valid|size_ok|triangles_ok|usdz_present,palette_human; source_meter_scale_preserved; decimation_not_needed; lesion_visibility_halos_added_1
pv-case-024,C:\Users\nityj\OneDrive\Desktop\2 - Projects\Prostate View\prostateview-web-publish\public\demo-cases\pv-case-024\model.glb,C:\Users\nityj\OneDrive\Desktop\2 - Projects\Prostate View\prostateview-web-publish\models_ar_human\pv-case-024\model.glb,C:\Users\nityj\OneDrive\Desktop\2 - Projects\Prostate View\prostateview-web-publish\models_ar_human\pv-case-024\model.usdz,58804,60728,30608,30526,202116,141788,498166,"{""min"":[-0.027457,-0.031639,-0.032695],""max"":[0.027698,0.026035,0.037004]}","{""min"":[-0.027577,-0.028819,-0.03485],""max"":[0.027577,0.028819,0.03485]}",1.0,1.0,3,15,False,ok,gltf_valid|size_ok|triangles_ok|usdz_present,palette_human; source_meter_scale_preserved; decimation_not_needed
pv-case-025,C:\Users\nityj\OneDrive\Desktop\2 - Projects\Prostate View\prostateview-web-publish\public\demo-cases\pv-case-025\model.glb,C:\Users\nityj\OneDrive\Desktop\2 - Projects\Prostate View\prostateview-web-publish\models_ar_human\pv-case-025\model.glb,C:\Users\nityj\OneDrive\Desktop\2 - Projects\Prostate View\prostateview-web-publish\models_ar_human\pv-case-025\model.usdz,63804,70732,33108,35530,212580,163452,570334,"{""min"":[-0.031081,-0.022035,-0.027462],""max"":[0.031999,0.022815,0.032041]}","{""min"":[-0.03154,-0.022407,-0.029751],""max"":[0.03154,0.024772,0.029751]}",1.0,1.0,4,17,False,ok,gltf_valid|size_ok|triangles_ok|usdz_present,palette_human; source_meter_scale_preserved; decimation_not_needed; lesion_visibility_halos_added_1
pv-case-026,C:\Users\nityj\OneDrive\Desktop\2 - Projects\Prostate View\prostateview-web-publish\public\demo-cases\pv-case-026\model.glb,C:\Users\nityj\OneDrive\Desktop\2 - Projects\Prostate View\prostateview-web-publish\models_ar_human\pv-case-026\model.glb,C:\Users\nityj\OneDrive\Desktop\2 - Projects\Prostate View\prostateview-web-publish\models_ar_human\pv-case-026\model.usdz,62836,68538,32637,34561,207520,156460,542221,"{""min"":[-0.023782,-0.016501,-0.023834],""max"":[0.022732,0.013842,0.028585]}","{""min"":[-0.023257,-0.014676,-0.02621],""max"":[0.023257,0.014965,0.02621]}",1.0,1.0,3,13,False,ok,gltf_valid|size_ok|triangles_ok|usdz_present,palette_human; source_meter_scale_preserved; decimation_not_needed; lesion_visibility_halos_added_1
pv-case-027,C:\Users\nityj\OneDrive\Desktop\2 - Projects\Prostate View\prostateview-web-publish\public\demo-cases\pv-case-027\model.glb,C:\Users\nityj\OneDrive\Desktop\2 - Projects\Prostate View\prostateview-web-publish\models_ar_human\pv-case-027\model.glb,C:\Users\nityj\OneDrive\Desktop\2 - Projects\Prostate View\prostateview-web-publish\models_ar_human\pv-case-027\model.usdz,63772,70568,33080,35412,215152,166208,574583,"{""min"":[-0.027556,-0.025338,-0.036776],""max"":[0.029882,0.02333,0.031474]}","{""min"":[-0.030931,-0.026035,-0.034125],""max"":[0.028719,0.024304,0.034125]}",1.0,1.0,2,17,False,ok,gltf_valid|size_ok|triangles_ok|usdz_present,palette_human; source_meter_scale_preserved; decimation_not_needed; lesion_visibility_halos_added_1
pv-case-028,C:\Users\nityj\OneDrive\Desktop\2 - Projects\Prostate View\prostateview-web-publish\public\demo-cases\pv-case-028\model.glb,C:\Users\nityj\OneDrive\Desktop\2 - Projects\Prostate View\prostateview-web-publish\models_ar_human\pv-case-028\model.glb,C:\Users\nityj\OneDrive\Desktop\2 - Projects\Prostate View\prostateview-web-publish\models_ar_human\pv-case-028\model.usdz,63804,70389,33122,35483,215200,166228,577267,"{""min"":[-0.02936,-0.022101,-0.029257],""max"":[0.027448,0.020344,0.029962]}","{""min"":[-0.028404,-0.021721,-0.029609],""max"":[0.028404,0.021204,0.029609]}",1.0,1.0,3,12,False,ok,gltf_valid|size_ok|triangles_ok|usdz_present,palette_human; source_meter_scale_preserved; decimation_not_needed; lesion_visibility_halos_added_1
pv-case-029,C:\Users\nityj\OneDrive\Desktop\2 - Projects\Prostate View\prostateview-web-publish\public\demo-cases\pv-case-029\model.glb,C:\Users\nityj\OneDrive\Desktop\2 - Projects\Prostate View\prostateview-web-publish\models_ar_human\pv-case-029\model.glb,C:\Users\nityj\OneDrive\Desktop\2 - Projects\Prostate View\prostateview-web-publish\models_ar_human\pv-case-029\model.usdz,58804,60476,30610,30522,200224,140052,489427,"{""min"":[-0.026628,-0.018369,-0.023965],""max"":[0.028253,0.014919,0.013926]}","{""min"":[-0.02744,-0.01663,-0.018946],""max"":[0.02744,0.01663,0.018946]}",1.0,1.0,3,11,False,ok,gltf_valid|size_ok|triangles_ok|usdz_present,palette_human; source_meter_scale_preserved; decimation_not_needed
pv-case-030,C:\Users\nityj\OneDrive\Desktop\2 - Projects\Prostate View\prostateview-web-publish\public\demo-cases\pv-case-030\model.glb,C:\Users\nityj\OneDrive\Desktop\2 - Projects\Prostate View\prostateview-web-publish\models_ar_human\pv-case-030\model.glb,C:\Users\nityj\OneDrive\Desktop\2 - Projects\Prostate View\prostateview-web-publish\models_ar_human\pv-case-030\model.usdz,63804,70702,33081,35483,213292,164164,572445,"{""min"":[-0.031569,-0.024546,-0.030032],""max"":[0.030673,0.021129,0.0265]}","{""min"":[-0.031121,-0.022829,-0.028266],""max"":[0.031121,0.025642,0.028266]}",1.0,1.0,3,17,False,ok,gltf_valid|size_ok|triangles_ok|usdz_present,palette_human; source_meter_scale_preserved; decimation_not_needed; lesion_visibility_halos_added_1
pv-case-031,C:\Users\nityj\OneDrive\Desktop\2 - Projects\Prostate View\prostateview-web-publish\public\demo-cases\pv-case-031\model.glb,C:\Users\nityj\OneDrive\Desktop\2 - Projects\Prostate View\prostateview-web-publish\models_ar_human\pv-case-031\model.glb,C:\Users\nityj\OneDrive\Desktop\2 - Projects\Prostate View\prostateview-web-publish\models_ar_human\pv-case-031\model.usdz,60548,63964,31476,32262,207528,152268,521061,"{""min"":[-0.028171,-0.020134,-0.023017],""max"":[0.025685,0.017693,0.020758]}","{""min"":[-0.026928,-0.018885,-0.021887],""max"":[0.026928,0.018885,0.021887]}",1.0,1.0,4,13,False,ok,gltf_valid|size_ok|triangles_ok|usdz_present,palette_human; source_meter_scale_preserved; decimation_not_needed; lesion_visibility_halos_added_1
pv-case-032,C:\Users\nityj\OneDrive\Desktop\2 - Projects\Prostate View\prostateview-web-publish\public\demo-cases\pv-case-032\model.glb,C:\Users\nityj\OneDrive\Desktop\2 - Projects\Prostate View\prostateview-web-publish\models_ar_human\pv-case-032\model.glb,C:\Users\nityj\OneDrive\Desktop\2 - Projects\Prostate View\prostateview-web-publish\models_ar_human\pv-case-032\model.usdz,58804,60708,30610,30518,201044,140768,496309,"{""min"":[-0.030247,-0.021433,-0.024443],""max"":[0.031204,0.020884,0.02304]}","{""min"":[-0.030726,-0.021144,-0.023742],""max"":[0.030726,0.021144,0.023742]}",1.0,1.0,3,15,False,ok,gltf_valid|size_ok|triangles_ok|usdz_present,palette_human; source_meter_scale_preserved; decimation_not_needed
pv-case-033,C:\Users\nityj\OneDrive\Desktop\2 - Projects\Prostate View\prostateview-web-publish\public\demo-cases\pv-case-033\model.glb,C:\Users\nityj\OneDrive\Desktop\2 - Projects\Prostate View\prostateview-web-publish\models_ar_human\pv-case-033\model.glb,C:\Users\nityj\OneDrive\Desktop\2 - Projects\Prostate View\prostateview-web-publish\models_ar_human\pv-case-033\model.usdz,63772,70321,33109,35463,211252,162008,569112,"{""min"":[-0.0315,-0.015873,-0.023012],""max"":[0.023785,0.019619,0.017922]}","{""min"":[-0.02804,-0.018792,-0.020467],""max"":[0.027643,0.017741,0.020467]}",1.0,1.0,3,12,False,ok,gltf_valid|size_ok|triangles_ok|usdz_present,palette_human; source_meter_scale_preserved; decimation_not_needed; lesion_visibility_halos_added_1
pv-case-034,C:\Users\nityj\OneDrive\Desktop\2 - Projects\Prostate View\prostateview-web-publish\public\demo-cases\pv-case-034\model.glb,C:\Users\nityj\OneDrive\Desktop\2 - Projects\Prostate View\prostateview-web-publish\models_ar_human\pv-case-034\model.glb,C:\Users\nityj\OneDrive\Desktop\2 - Projects\Prostate View\prostateview-web-publish\models_ar_human\pv-case-034\model.usdz,61148,65160,31788,32870,208428,154104,529577,"{""min"":[-0.0261,-0.021446,-0.025674],""max"":[0.025242,0.019756,0.020846]}","{""min"":[-0.025671,-0.020581,-0.02326],""max"":[0.025671,0.020581,0.02326]}",1.0,1.0,4,13,False,ok,gltf_valid|size_ok|triangles_ok|usdz_present,palette_human; source_meter_scale_preserved; decimation_not_needed; lesion_visibility_halos_added_1
pv-case-035,C:\Users\nityj\OneDrive\Desktop\2 - Projects\Prostate View\prostateview-web-publish\public\demo-cases\pv-case-035\model.glb,C:\Users\nityj\OneDrive\Desktop\2 - Projects\Prostate View\prostateview-web-publish\models_ar_human\pv-case-035\model.glb,C:\Users\nityj\OneDrive\Desktop\2 - Projects\Prostate View\prostateview-web-publish\models_ar_human\pv-case-035\model.usdz,63804,70476,33094,35508,217060,168380,578282,"{""min"":[-0.023907,-0.022952,-0.022236],""max"":[0.020731,0.016034,0.020742]}","{""min"":[-0.022319,-0.022808,-0.021489],""max"":[0.022319,0.019472,0.021489]}",1.0,1.0,4,13,False,ok,gltf_valid|size_ok|triangles_ok|usdz_present,palette_human; source_meter_scale_preserved; decimation_not_needed; lesion_visibility_halos_added_1
pv-case-036,C:\Users\nityj\OneDrive\Desktop\2 - Projects\Prostate View\prostateview-web-publish\public\demo-cases\pv-case-036\model.glb,C:\Users\nityj\OneDrive\Desktop\2 - Projects\Prostate View\prostateview-web-publish\models_ar_human\pv-case-036\model.glb,C:\Users\nityj\OneDrive\Desktop\2 - Projects\Prostate View\prostateview-web-publish\models_ar_human\pv-case-036\model.usdz,58804,60476,30614,30526,201196,141020,495539,"{""min"":[-0.028171,-0.020023,-0.025116],""max"":[0.027615,0.019004,0.019365]}","{""min"":[-0.027893,-0.019494,-0.022241],""max"":[0.027893,0.019494,0.022241]}",1.0,1.0,3,11,False,ok,gltf_valid|size_ok|triangles_ok|usdz_present,palette_human; source_meter_scale_preserved; decimation_not_needed
pv-case-037,C:\Users\nityj\OneDrive\Desktop\2 - Projects\Prostate View\prostateview-web-publish\public\demo-cases\pv-case-037\model.glb,C:\Users\nityj\OneDrive\Desktop\2 - Projects\Prostate View\prostateview-web-publish\models_ar_human\pv-case-037\model.glb,C:\Users\nityj\OneDrive\Desktop\2 - Projects\Prostate View\prostateview-web-publish\models_ar_human\pv-case-037\model.usdz,63804,70476,33104,35518,214192,164788,568282,"{""min"":[-0.02818,-0.021368,-0.028898],""max"":[0.027766,0.019071,0.024048]}","{""min"":[-0.027973,-0.020205,-0.026473],""max"":[0.027973,0.020205,0.026473]}",1.0,1.0,4,13,False,ok,gltf_valid|size_ok|triangles_ok|usdz_present,palette_human; source_meter_scale_preserved; decimation_not_needed; lesion_visibility_halos_added_1
pv-case-038,C:\Users\nityj\OneDrive\Desktop\2 - Projects\Prostate View\prostateview-web-publish\public\demo-cases\pv-case-038\model.glb,C:\Users\nityj\OneDrive\Desktop\2 - Projects\Prostate View\prostateview-web-publish\models_ar_human\pv-case-038\model.glb,C:\Users\nityj\OneDrive\Desktop\2 - Projects\Prostate View\prostateview-web-publish\models_ar_human\pv-case-038\model.usdz,62204,67242,32312,33909,204840,152204,527448,"{""min"":[-0.023419,-0.015626,-0.019657],""max"":[0.023737,0.014309,0.017545]}","{""min"":[-0.023578,-0.014952,-0.018601],""max"":[0.023578,0.014952,0.018601]}",1.0,1.0,4,13,False,ok,gltf_valid|size_ok|triangles_ok|usdz_present,palette_human; source_meter_scale_preserved; decimation_not_needed; lesion_visibility_halos_added_1
pv-case-039,C:\Users\nityj\OneDrive\Desktop\2 - Projects\Prostate View\prostateview-web-publish\public\demo-cases\pv-case-039\model.glb,C:\Users\nityj\OneDrive\Desktop\2 - Projects\Prostate View\prostateview-web-publish\models_ar_human\pv-case-039\model.glb,C:\Users\nityj\OneDrive\Desktop\2 - Projects\Prostate View\prostateview-web-publish\models_ar_human\pv-case-039\model.usdz,58796,60714,30627,30525,202712,142440,500986,"{""min"":[-0.033288,-0.027381,-0.033657],""max"":[0.035791,0.024969,0.029474]}","{""min"":[-0.034539,-0.026156,-0.031566],""max"":[0.034539,0.026156,0.031566]}",1.0,1.0,2,15,False,ok,gltf_valid|size_ok|triangles_ok|usdz_present,palette_human; source_meter_scale_preserved; decimation_not_needed
pv-case-040,C:\Users\nityj\OneDrive\Desktop\2 - Projects\Prostate View\prostateview-web-publish\public\demo-cases\pv-case-040\model.glb,C:\Users\nityj\OneDrive\Desktop\2 - Projects\Prostate View\prostateview-web-publish\models_ar_human\pv-case-040\model.glb,C:\Users\nityj\OneDrive\Desktop\2 - Projects\Prostate View\prostateview-web-publish\models_ar_human\pv-case-040\model.usdz,59796,62200,31110,31390,203112,145528,497220,"{""min"":[-0.021193,-0.018679,-0.020198],""max"":[0.020632,0.016083,0.019505]}","{""min"":[-0.020913,-0.017365,-0.019851],""max"":[0.020913,0.017365,0.019851]}",1.0,1.0,4,13,False,ok,gltf_valid|size_ok|triangles_ok|usdz_present,palette_human; source_meter_scale_preserved; decimation_not_needed; lesion_visibility_halos_added_1
pv-case-041,C:\Users\nityj\OneDrive\Desktop\2 - Projects\Prostate View\prostateview-web-publish\public\demo-cases\pv-case-041\model.glb,C:\Users\nityj\OneDrive\Desktop\2 - Projects\Prostate View\prostateview-web-publish\models_ar_human\pv-case-041\model.glb,C:\Users\nityj\OneDrive\Desktop\2 - Projects\Prostate View\prostateview-web-publish\models_ar_human\pv-case-041\model.usdz,62156,67176,32290,33878,209252,156904,544535,"{""min"":[-0.025324,-0.018124,-0.027736],""max"":[0.026568,0.016466,0.031783]}","{""min"":[-0.025946,-0.017272,-0.02976],""max"":[0.025946,0.017272,0.02976]}",1.0,1.0,4,13,False,ok,gltf_valid|size_ok|triangles_ok|usdz_present,palette_human; source_meter_scale_preserved; decimation_not_needed; lesion_visibility_halos_added_1
pv-case-042,C:\Users\nityj\OneDrive\Desktop\2 - Projects\Prostate View\prostateview-web-publish\public\demo-cases\pv-case-042\model.glb,C:\Users\nityj\OneDrive\Desktop\2 - Projects\Prostate View\prostateview-web-publish\models_ar_human\pv-case-042\model.glb,C:\Users\nityj\OneDrive\Desktop\2 - Projects\Prostate View\prostateview-web-publish\models_ar_human\pv-case-042\model.usdz,63804,70476,33108,35522,211540,161720,565393,"{""min"":[-0.028395,-0.018718,-0.016771],""max"":[0.028345,0.019439,0.013107]}","{""min"":[-0.02837,-0.019064,-0.014939],""max"":[0.02837,0.019064,0.014939]}",1.0,1.0,4,13,False,ok,gltf_valid|size_ok|triangles_ok|usdz_present,palette_human; source_meter_scale_preserved; decimation_not_needed; lesion_visibility_halos_added_1
pv-case-043,C:\Users\nityj\OneDrive\Desktop\2 - Projects\Prostate View\prostateview-web-publish\public\demo-cases\pv-case-043\model.glb,C:\Users\nityj\OneDrive\Desktop\2 - Projects\Prostate View\prostateview-web-publish\models_ar_human\pv-case-043\model.glb,C:\Users\nityj\OneDrive\Desktop\2 - Projects\Prostate View\prostateview-web-publish\models_ar_human\pv-case-043\model.usdz,58804,60474,30606,30517,205440,145240,503498,"{""min"":[-0.023194,-0.018718,-0.025214],""max"":[0.022702,0.013061,0.020902]}","{""min"":[-0.022948,-0.015871,-0.023058],""max"":[0.022948,0.015871,0.023058]}",1.0,1.0,3,11,False,ok,gltf_valid|size_ok|triangles_ok|usdz_present,palette_human; source_meter_scale_preserved; decimation_not_needed
pv-case-044,C:\Users\nityj\OneDrive\Desktop\2 - Projects\Prostate View\prostateview-web-publish\public\demo-cases\pv-case-044\model.glb,C:\Users\nityj\OneDrive\Desktop\2 - Projects\Prostate View\prostateview-web-publish\models_ar_human\pv-case-044\model.glb,C:\Users\nityj\OneDrive\Desktop\2 - Projects\Prostate View\prostateview-web-publish\models_ar_human\pv-case-044\model.usdz,63804,70731,33096,35518,210684,161540,564353,"{""min"":[-0.02219,-0.019297,-0.031328],""max"":[0.023791,0.017504,0.031156]}","{""min"":[-0.022991,-0.01838,-0.031242],""max"":[0.022991,0.01838,0.031242]}",1.0,1.0,4,16,False,ok,gltf_valid|size_ok|triangles_ok|usdz_present,palette_human; source_meter_scale_preserved; decimation_not_needed; lesion_visibility_halos_added_1
pv-case-045,C:\Users\nityj\OneDrive\Desktop\2 - Projects\Prostate View\prostateview-web-publish\public\demo-cases\pv-case-045\model.glb,C:\Users\nityj\OneDrive\Desktop\2 - Projects\Prostate View\prostateview-web-publish\models_ar_human\pv-case-045\model.glb,C:\Users\nityj\OneDrive\Desktop\2 - Projects\Prostate View\prostateview-web-publish\models_ar_human\pv-case-045\model.usdz,63696,70260,33052,35408,209184,158196,555791,"{""min"":[-0.024431,-0.015708,-0.023134],""max"":[0.024445,0.015348,0.020224]}","{""min"":[-0.024438,-0.019059,-0.021679],""max"":[0.024438,0.015512,0.021679]}",1.0,1.0,4,13,False,ok,gltf_valid|size_ok|triangles_ok|usdz_present,palette_human; source_meter_scale_preserved; decimation_not_needed; lesion_visibility_halos_added_1
pv-case-046,C:\Users\nityj\OneDrive\Desktop\2 - Projects\Prostate View\prostateview-web-publish\public\demo-cases\pv-case-046\model.glb,C:\Users\nityj\OneDrive\Desktop\2 - Projects\Prostate View\prostateview-web-publish\models_ar_human\pv-case-046\model.glb,C:\Users\nityj\OneDrive\Desktop\2 - Projects\Prostate View\prostateview-web-publish\models_ar_human\pv-case-046\model.usdz,58804,60730,30619,30533,201324,141060,499636,"{""min"":[-0.031632,-0.028019,-0.041967],""max"":[0.031197,0.025354,0.046882]}","{""min"":[-0.031415,-0.026668,-0.044425],""max"":[0.031415,0.026668,0.044425]}",1.0,1.0,2,15,False,ok,gltf_valid|size_ok|triangles_ok|usdz_present,palette_human; source_meter_scale_preserved; decimation_not_needed
pv-case-047,C:\Users\nityj\OneDrive\Desktop\2 - Projects\Prostate View\prostateview-web-publish\public\demo-cases\pv-case-047\model.glb,C:\Users\nityj\OneDrive\Desktop\2 - Projects\Prostate View\prostateview-web-publish\models_ar_human\pv-case-047\model.glb,C:\Users\nityj\OneDrive\Desktop\2 - Projects\Prostate View\prostateview-web-publish\models_ar_human\pv-case-047\model.usdz,63804,70472,33115,35524,215632,166460,587574,"{""min"":[-0.023109,-0.020299,-0.025875],""max"":[0.024125,0.018576,0.021001]}","{""min"":[-0.024556,-0.019421,-0.023438],""max"":[0.023617,0.019421,0.023438]}",1.0,1.0,3,13,False,ok,gltf_valid|size_ok|triangles_ok|usdz_present,palette_human; source_meter_scale_preserved; decimation_not_needed; lesion_visibility_halos_added_1
pv-case-048,C:\Users\nityj\OneDrive\Desktop\2 - Projects\Prostate View\prostateview-web-publish\public\demo-cases\pv-case-048\model.glb,C:\Users\nityj\OneDrive\Desktop\2 - Projects\Prostate View\prostateview-web-publish\models_ar_human\pv-case-048\model.glb,C:\Users\nityj\OneDrive\Desktop\2 - Projects\Prostate View\prostateview-web-publish\models_ar_human\pv-case-048\model.usdz,60748,64364,31588,32474,204676,149280,516553,"{""min"":[-0.025641,-0.01608,-0.023535],""max"":[0.025848,0.01313,0.019093]}","{""min"":[-0.025745,-0.015335,-0.021314],""max"":[0.025745,0.014593,0.021314]}",1.0,1.0,4,13,False,ok,gltf_valid|size_ok|triangles_ok|usdz_present,palette_human; source_meter_scale_preserved; decimation_not_needed; lesion_visibility_halos_added_1
pv-case-049,C:\Users\nityj\OneDrive\Desktop\2 - Projects\Prostate View\prostateview-web-publish\public\demo-cases\pv-case-049\model.glb,C:\Users\nityj\OneDrive\Desktop\2 - Projects\Prostate View\prostateview-web-publish\models_ar_human\pv-case-049\model.glb,C:\Users\nityj\OneDrive\Desktop\2 - Projects\Prostate View\prostateview-web-publish\models_ar_human\pv-case-049\model.usdz,61128,65122,31773,32843,206836,152460,523361,"{""min"":[-0.026532,-0.019444,-0.021678],""max"":[0.025403,0.016218,0.018949]}","{""min"":[-0.025968,-0.01839,-0.020314],""max"":[0.025968,0.017817,0.020314]}",1.0,1.0,3,13,False,ok,gltf_valid|size_ok|triangles_ok|usdz_present,palette_human; source_meter_scale_preserved; decimation_not_needed; lesion_visibility_halos_added_1
pv-case-050,C:\Users\nityj\OneDrive\Desktop\2 - Projects\Prostate View\prostateview-web-publish\public\demo-cases\pv-case-050\model.glb,C:\Users\nityj\OneDrive\Desktop\2 - Projects\Prostate View\prostateview-web-publish\models_ar_human\pv-case-050\model.glb,C:\Users\nityj\OneDrive\Desktop\2 - Projects\Prostate View\prostateview-web-publish\models_ar_human\pv-case-050\model.usdz,58804,60450,30614,30505,201016,140656,491477,"{""min"":[-0.022585,-0.018165,-0.025157],""max"":[0.02214,0.017419,0.017812]}","{""min"":[-0.022363,-0.017777,-0.021484],""max"":[0.022363,0.017777,0.021484]}",1.0,1.0,2,10,False,ok,gltf_valid|size_ok|triangles_ok|usdz_present,palette_human; source_meter_scale_preserved; decimation_not_needed
pv-case-051,C:\Users\nityj\OneDrive\Desktop\2 - Projects\Prostate View\prostateview-web-publish\public\demo-cases\pv-case-051\model.glb,C:\Users\nityj\OneDrive\Desktop\2 - Projects\Prostate View\prostateview-web-publish\models_ar_human\pv-case-051\model.glb,C:\Users\nityj\OneDrive\Desktop\2 - Projects\Prostate View\prostateview-web-publish\models_ar_human\pv-case-051\model.usdz,63804,70704,33114,35524,214976,165708,575016,"{""min"":[-0.029093,-0.024915,-0.030699],""max"":[0.027955,0.026276,0.031884]}","{""min"":[-0.029908,-0.025585,-0.031291],""max"":[0.028524,0.030374,0.031291]}",1.0,1.0,4,16,False,ok,gltf_valid|size_ok|triangles_ok|usdz_present,palette_human; source_meter_scale_preserved; decimation_not_needed; lesion_visibility_halos_added_1
pv-case-052,C:\Users\nityj\OneDrive\Desktop\2 - Projects\Prostate View\prostateview-web-publish\public\demo-cases\pv-case-052\model.glb,C:\Users\nityj\OneDrive\Desktop\2 - Projects\Prostate View\prostateview-web-publish\models_ar_human\pv-case-052\model.glb,C:\Users\nityj\OneDrive\Desktop\2 - Projects\Prostate View\prostateview-web-publish\models_ar_human\pv-case-052\model.usdz,63804,70476,33112,35526,215532,166744,573876,"{""min"":[-0.027986,-0.018077,-0.023942],""max"":[0.026618,0.018355,0.016929]}","{""min"":[-0.027302,-0.0182,-0.020435],""max"":[0.027302,0.0182,0.020435]}",1.0,1.0,4,13,False,ok,gltf_valid|size_ok|triangles_ok|usdz_present,palette_human; source_meter_scale_preserved; decimation_not_needed; lesion_visibility_halos_added_1
pv-case-053,C:\Users\nityj\OneDrive\Desktop\2 - Projects\Prostate View\prostateview-web-publish\public\demo-cases\pv-case-053\model.glb,C:\Users\nityj\OneDrive\Desktop\2 - Projects\Prostate View\prostateview-web-publish\models_ar_human\pv-case-053\model.glb,C:\Users\nityj\OneDrive\Desktop\2 - Projects\Prostate View\prostateview-web-publish\models_ar_human\pv-case-053\model.usdz,58804,60725,30610,30527,201428,141056,491772,"{""min"":[-0.031847,-0.025644,-0.02797],""max"":[0.031412,0.019698,0.025659]}","{""min"":[-0.031629,-0.022654,-0.026815],""max"":[0.031629,0.022654,0.026815]}",1.0,1.0,3,14,False,ok,gltf_valid|size_ok|triangles_ok|usdz_present,palette_human; source_meter_scale_preserved; decimation_not_needed
pv-case-054,C:\Users\nityj\OneDrive\Desktop\2 - Projects\Prostate View\prostateview-web-publish\public\demo-cases\pv-case-054\model.glb,C:\Users\nityj\OneDrive\Desktop\2 - Projects\Prostate View\prostateview-web-publish\models_ar_human\pv-case-054\model.glb,C:\Users\nityj\OneDrive\Desktop\2 - Projects\Prostate View\prostateview-web-publish\models_ar_human\pv-case-054\model.usdz,63804,70729,33118,35541,209564,159180,570055,"{""min"":[-0.027596,-0.025958,-0.032957],""max"":[0.028832,0.023757,0.031114]}","{""min"":[-0.028214,-0.024849,-0.032035],""max"":[0.028214,0.028766,0.032035]}",1.0,1.0,4,16,False,ok,gltf_valid|size_ok|triangles_ok|usdz_present,palette_human; source_meter_scale_preserved; decimation_not_needed; lesion_visibility_halos_added_1
pv-case-055,C:\Users\nityj\OneDrive\Desktop\2 - Projects\Prostate View\prostateview-web-publish\public\demo-cases\pv-case-055\model.glb,C:\Users\nityj\OneDrive\Desktop\2 - Projects\Prostate View\prostateview-web-publish\models_ar_human\pv-case-055\model.glb,C:\Users\nityj\OneDrive\Desktop\2 - Projects\Prostate View\prostateview-web-publish\models_ar_human\pv-case-055\model.usdz,63804,70476,33112,35526,212336,163208,563074,"{""min"":[-0.025425,-0.018553,-0.021668],""max"":[0.02368,0.018947,0.018708]}","{""min"":[-0.024552,-0.019294,-0.020188],""max"":[0.024552,0.018735,0.020188]}",1.0,1.0,4,13,False,ok,gltf_valid|size_ok|triangles_ok|usdz_present,palette_human; source_meter_scale_preserved; decimation_not_needed; lesion_visibility_halos_added_1
pv-case-056,C:\Users\nityj\OneDrive\Desktop\2 - Projects\Prostate View\prostateview-web-publish\public\demo-cases\pv-case-056\model.glb,C:\Users\nityj\OneDrive\Desktop\2 - Projects\Prostate View\prostateview-web-publish\models_ar_human\pv-case-056\model.glb,C:\Users\nityj\OneDrive\Desktop\2 - Projects\Prostate View\prostateview-web-publish\models_ar_human\pv-case-056\model.usdz,63788,70270,33110,35426,211124,161560,559908,"{""min"":[-0.026358,-0.020865,-0.01856],""max"":[0.027062,0.020208,0.022164]}","{""min"":[-0.02671,-0.021225,-0.020362],""max"":[0.02671,0.020522,0.020362]}",1.0,1.0,4,12,False,ok,gltf_valid|size_ok|triangles_ok|usdz_present,palette_human; source_meter_scale_preserved; decimation_not_needed; lesion_visibility_halos_added_1
pv-case-057,C:\Users\nityj\OneDrive\Desktop\2 - Projects\Prostate View\prostateview-web-publish\public\demo-cases\pv-case-057\model.glb,C:\Users\nityj\OneDrive\Desktop\2 - Projects\Prostate View\prostateview-web-publish\models_ar_human\pv-case-057\model.glb,C:\Users\nityj\OneDrive\Desktop\2 - Projects\Prostate View\prostateview-web-publish\models_ar_human\pv-case-057\model.usdz,58804,60220,30612,30396,201048,140348,483106,"{""min"":[-0.021004,-0.019383,-0.021411],""max"":[0.020726,0.015629,0.021402]}","{""min"":[-0.020865,-0.017491,-0.021406],""max"":[0.020865,0.017491,0.021406]}",1.0,1.0,3,11,False,ok,gltf_valid|size_ok|triangles_ok|usdz_present,palette_human; source_meter_scale_preserved; decimation_not_needed
pv-case-058,C:\Users\nityj\OneDrive\Desktop\2 - Projects\Prostate View\prostateview-web-publish\public\demo-cases\pv-case-058\model.glb,C:\Users\nityj\OneDrive\Desktop\2 - Projects\Prostate View\prostateview-web-publish\models_ar_human\pv-case-058\model.glb,C:\Users\nityj\OneDrive\Desktop\2 - Projects\Prostate View\prostateview-web-publish\models_ar_human\pv-case-058\model.usdz,63804,70134,33114,35347,217548,168548,579988,"{""min"":[-0.029162,-0.020821,-0.024268],""max"":[0.026826,0.019755,0.028715]}","{""min"":[-0.027994,-0.020272,-0.026492],""max"":[0.027994,0.024017,0.026492]}",1.0,1.0,4,11,False,ok,gltf_valid|size_ok|triangles_ok|usdz_present,palette_human; source_meter_scale_preserved; decimation_not_needed; lesion_visibility_halos_added_1
pv-case-059,C:\Users\nityj\OneDrive\Desktop\2 - Projects\Prostate View\prostateview-web-publish\public\demo-cases\pv-case-059\model.glb,C:\Users\nityj\OneDrive\Desktop\2 - Projects\Prostate View\prostateview-web-publish\models_ar_human\pv-case-059\model.glb,C:\Users\nityj\OneDrive\Desktop\2 - Projects\Prostate View\prostateview-web-publish\models_ar_human\pv-case-059\model.usdz,63568,69866,33003,35221,212124,161900,561297,"{""min"":[-0.028431,-0.020217,-0.027312],""max"":[0.028928,0.019068,0.028982]}","{""min"":[-0.028679,-0.021645,-0.028147],""max"":[0.02881,0.019637,0.028147]}",1.0,1.0,3,13,False,ok,gltf_valid|size_ok|triangles_ok|usdz_present,palette_human; source_meter_scale_preserved; decimation_not_needed; lesion_visibility_halos_added_1
pv-case-060,C:\Users\nityj\OneDrive\Desktop\2 - Projects\Prostate View\prostateview-web-publish\public\demo-cases\pv-case-060\model.glb,C:\Users\nityj\OneDrive\Desktop\2 - Projects\Prostate View\prostateview-web-publish\models_ar_human\pv-case-060\model.glb,C:\Users\nityj\OneDrive\Desktop\2 - Projects\Prostate View\prostateview-web-publish\models_ar_human\pv-case-060\model.usdz,58736,60658,30580,30491,199884,139544,491738,"{""min"":[-0.029223,-0.025516,-0.036147],""max"":[0.029399,0.022537,0.031586]}","{""min"":[-0.029311,-0.024009,-0.033867],""max"":[0.029311,0.024009,0.033867]}",1.0,1.0,2,15,False,ok,gltf_valid|size_ok|triangles_ok|usdz_present,palette_human; source_meter_scale_preserved; decimation_not_needed
pv-case-061,C:\Users\nityj\OneDrive\Desktop\2 - Projects\Prostate View\prostateview-web-publish\public\demo-cases\pv-case-061\model.glb,C:\Users\nityj\OneDrive\Desktop\2 - Projects\Prostate View\prostateview-web-publish\models_ar_human\pv-case-061\model.glb,C:\Users\nityj\OneDrive\Desktop\2 - Projects\Prostate View\prostateview-web-publish\models_ar_human\pv-case-061\model.usdz,63804,70730,33109,35527,213416,164144,595073,"{""min"":[-0.031097,-0.019943,-0.029354],""max"":[0.030427,0.023842,0.034853]}","{""min"":[-0.030762,-0.021861,-0.032104],""max"":[0.030762,0.021861,0.032104]}",1.0,1.0,3,17,False,ok,gltf_valid|size_ok|triangles_ok|usdz_present,palette_human; source_meter_scale_preserved; decimation_not_needed; lesion_visibility_halos_added_1
pv-case-062,C:\Users\nityj\OneDrive\Desktop\2 - Projects\Prostate View\prostateview-web-publish\public\demo-cases\pv-case-062\model.glb,C:\Users\nityj\OneDrive\Desktop\2 - Projects\Prostate View\prostateview-web-publish\models_ar_human\pv-case-062\model.glb,C:\Users\nityj\OneDrive\Desktop\2 - Projects\Prostate View\prostateview-web-publish\models_ar_human\pv-case-062\model.usdz,63804,70396,33126,35474,211576,162204,565147,"{""min"":[-0.022586,-0.015988,-0.026154],""max"":[0.024847,0.015542,0.026481]}","{""min"":[-0.02678,-0.018587,-0.026317],""max"":[0.023717,0.015756,0.026317]}",1.0,1.0,2,13,False,ok,gltf_valid|size_ok|triangles_ok|usdz_present,palette_human; source_meter_scale_preserved; decimation_not_needed; lesion_visibility_halos_added_1
pv-case-063,C:\Users\nityj\OneDrive\Desktop\2 - Projects\Prostate View\prostateview-web-publish\public\demo-cases\pv-case-063\model.glb,C:\Users\nityj\OneDrive\Desktop\2 - Projects\Prostate View\prostateview-web-publish\models_ar_human\pv-case-063\model.glb,C:\Users\nityj\OneDrive\Desktop\2 - Projects\Prostate View\prostateview-web-publish\models_ar_human\pv-case-063\model.usdz,58804,60476,30614,30526,201772,141632,493292,"{""min"":[-0.027698,-0.018028,-0.026327],""max"":[0.025694,0.017322,0.026428]}","{""min"":[-0.026696,-0.017659,-0.026378],""max"":[0.026696,0.017659,0.026378]}",1.0,1.0,3,11,False,ok,gltf_valid|size_ok|triangles_ok|usdz_present,palette_human; source_meter_scale_preserved; decimation_not_needed
pv-case-064,C:\Users\nityj\OneDrive\Desktop\2 - Projects\Prostate View\prostateview-web-publish\public\demo-cases\pv-case-064\model.glb,C:\Users\nityj\OneDrive\Desktop\2 - Projects\Prostate View\prostateview-web-publish\models_ar_human\pv-case-064\model.glb,C:\Users\nityj\OneDrive\Desktop\2 - Projects\Prostate View\prostateview-web-publish\models_ar_human\pv-case-064\model.usdz,63804,70724,33119,35532,213132,163988,568169,"{""min"":[-0.028004,-0.024323,-0.034762],""max"":[0.029334,0.021531,0.027769]}","{""min"":[-0.028669,-0.022918,-0.031266],""max"":[0.028669,0.025727,0.031266]}",1.0,1.0,3,17,False,ok,gltf_valid|size_ok|triangles_ok|usdz_present,palette_human; source_meter_scale_preserved; decimation_not_needed; lesion_visibility_halos_added_1
pv-case-065,C:\Users\nityj\OneDrive\Desktop\2 - Projects\Prostate View\prostateview-web-publish\public\demo-cases\pv-case-065\model.glb,C:\Users\nityj\OneDrive\Desktop\2 - Projects\Prostate View\prostateview-web-publish\models_ar_human\pv-case-065\model.glb,C:\Users\nityj\OneDrive\Desktop\2 - Projects\Prostate View\prostateview-web-publish\models_ar_human\pv-case-065\model.usdz,63804,70476,33112,35526,213804,164008,573608,"{""min"":[-0.031742,-0.026485,-0.03151],""max"":[0.028889,0.021881,0.027319]}","{""min"":[-0.030315,-0.024158,-0.029415],""max"":[0.030315,0.024158,0.029415]}",1.0,1.0,4,13,False,ok,gltf_valid|size_ok|triangles_ok|usdz_present,palette_human; source_meter_scale_preserved; decimation_not_needed; lesion_visibility_halos_added_1
pv-case-066,C:\Users\nityj\OneDrive\Desktop\2 - Projects\Prostate View\prostateview-web-publish\public\demo-cases\pv-case-066\model.glb,C:\Users\nityj\OneDrive\Desktop\2 - Projects\Prostate View\prostateview-web-publish\models_ar_human\pv-case-066\model.glb,C:\Users\nityj\OneDrive\Desktop\2 - Projects\Prostate View\prostateview-web-publish\models_ar_human\pv-case-066\model.usdz,58804,60710,30610,30519,202364,142124,501072,"{""min"":[-0.035694,-0.029491,-0.039644],""max"":[0.035256,0.028466,0.042582]}","{""min"":[-0.035475,-0.028959,-0.041113],""max"":[0.035475,0.028959,0.041113]}",1.0,1.0,3,15,False,ok,gltf_valid|size_ok|triangles_ok|usdz_present,palette_human; source_meter_scale_preserved; decimation_not_needed
pv-case-067,C:\Users\nityj\OneDrive\Desktop\2 - Projects\Prostate View\prostateview-web-publish\public\demo-cases\pv-case-067\model.glb,C:\Users\nityj\OneDrive\Desktop\2 - Projects\Prostate View\prostateview-web-publish\models_ar_human\pv-case-067\model.glb,C:\Users\nityj\OneDrive\Desktop\2 - Projects\Prostate View\prostateview-web-publish\models_ar_human\pv-case-067\model.usdz,63804,70436,33132,35496,213432,163872,579822,"{""min"":[-0.028939,-0.018876,-0.034771],""max"":[0.029786,0.013781,0.024263]}","{""min"":[-0.029363,-0.016904,-0.029517],""max"":[0.029363,0.016316,0.029517]}",1.0,1.0,2,13,False,ok,gltf_valid|size_ok|triangles_ok|usdz_present,palette_human; source_meter_scale_preserved; decimation_not_needed; lesion_visibility_halos_added_1
pv-case-068,C:\Users\nityj\OneDrive\Desktop\2 - Projects\Prostate View\prostateview-web-publish\public\demo-cases\pv-case-068\model.glb,C:\Users\nityj\OneDrive\Desktop\2 - Projects\Prostate View\prostateview-web-publish\models_ar_human\pv-case-068\model.glb,C:\Users\nityj\OneDrive\Desktop\2 - Projects\Prostate View\prostateview-web-publish\models_ar_human\pv-case-068\model.usdz,61896,66645,32162,33620,206448,153692,527830,"{""min"":[-0.023834,-0.014926,-0.017232],""max"":[0.023943,0.014163,0.014031]}","{""min"":[-0.023889,-0.014532,-0.015632],""max"":[0.023889,0.014532,0.015632]}",1.0,1.0,4,12,False,ok,gltf_valid|size_ok|triangles_ok|usdz_present,palette_human; source_meter_scale_preserved; decimation_not_needed; lesion_visibility_halos_added_1
pv-case-069,C:\Users\nityj\OneDrive\Desktop\2 - Projects\Prostate View\prostateview-web-publish\public\demo-cases\pv-case-069\model.glb,C:\Users\nityj\OneDrive\Desktop\2 - Projects\Prostate View\prostateview-web-publish\models_ar_human\pv-case-069\model.glb,C:\Users\nityj\OneDrive\Desktop\2 - Projects\Prostate View\prostateview-web-publish\models_ar_human\pv-case-069\model.usdz,58804,60476,30614,30526,201756,141628,498340,"{""min"":[-0.028508,-0.025556,-0.025637],""max"":[0.030352,0.020473,0.021558]}","{""min"":[-0.02943,-0.022999,-0.023597],""max"":[0.02943,0.022999,0.023597]}",1.0,1.0,3,11,False,ok,gltf_valid|size_ok|triangles_ok|usdz_present,palette_human; source_meter_scale_preserved; decimation_not_needed
pv-case-070,C:\Users\nityj\OneDrive\Desktop\2 - Projects\Prostate View\prostateview-web-publish\public\demo-cases\pv-case-070\model.glb,C:\Users\nityj\OneDrive\Desktop\2 - Projects\Prostate View\prostateview-web-publish\models_ar_human\pv-case-070\model.glb,C:\Users\nityj\OneDrive\Desktop\2 - Projects\Prostate View\prostateview-web-publish\models_ar_human\pv-case-070\model.usdz,63740,70326,33100,35298,218324,168748,582041,"{""min"":[-0.030142,-0.027698,-0.032907],""max"":[0.034525,0.02338,0.02671]}","{""min"":[-0.036487,-0.031657,-0.029809],""max"":[0.032334,0.031226,0.031518]}",1.0,1.0,2,14,False,ok,gltf_valid|size_ok|triangles_ok|usdz_present,palette_human; source_meter_scale_preserved; decimation_not_needed; lesion_visibility_halos_added_1
pv-case-071,C:\Users\nityj\OneDrive\Desktop\2 - Projects\Prostate View\prostateview-web-publish\public\demo-cases\pv-case-071\model.glb,C:\Users\nityj\OneDrive\Desktop\2 - Projects\Prostate View\prostateview-web-publish\models_ar_human\pv-case-071\model.glb,C:\Users\nityj\OneDrive\Desktop\2 - Projects\Prostate View\prostateview-web-publish\models_ar_human\pv-case-071\model.usdz,58804,60671,30613,30498,205064,144712,504194,"{""min"":[-0.02942,-0.026555,-0.03738],""max"":[0.027676,0.022821,0.030131]}","{""min"":[-0.028548,-0.024672,-0.033756],""max"":[0.028548,0.024672,0.033756]}",1.0,1.0,2,14,False,ok,gltf_valid|size_ok|triangles_ok|usdz_present,palette_human; source_meter_scale_preserved; decimation_not_needed
pv-case-072,C:\Users\nityj\OneDrive\Desktop\2 - Projects\Prostate View\prostateview-web-publish\public\demo-cases\pv-case-072\model.glb,C:\Users\nityj\OneDrive\Desktop\2 - Projects\Prostate View\prostateview-web-publish\models_ar_human\pv-case-072\model.glb,C:\Users\nityj\OneDrive\Desktop\2 - Projects\Prostate View\prostateview-web-publish\models_ar_human\pv-case-072\model.usdz,63804,69794,33237,35044,210812,160516,572050,"{""min"":[-0.030477,-0.026982,-0.037903],""max"":[0.033838,0.020407,0.094103]}","{""min"":[-0.032158,-0.030551,-0.068529],""max"":[0.032158,0.031699,0.066003]}",1.0,1.0,2,15,False,ok,gltf_valid|size_ok|triangles_ok|usdz_present,palette_human; source_meter_scale_preserved; decimation_not_needed; lesion_visibility_halos_added_1
pv-case-073,C:\Users\nityj\OneDrive\Desktop\2 - Projects\Prostate View\prostateview-web-publish\public\demo-cases\pv-case-073\model.glb,C:\Users\nityj\OneDrive\Desktop\2 - Projects\Prostate View\prostateview-web-publish\models_ar_human\pv-case-073\model.glb,C:\Users\nityj\OneDrive\Desktop\2 - Projects\Prostate View\prostateview-web-publish\models_ar_human\pv-case-073\model.usdz,63804,70210,33126,35389,211120,161808,554050,"{""min"":[-0.021297,-0.015015,-0.021113],""max"":[0.020712,0.016782,0.023446]}","{""min"":[-0.021432,-0.017192,-0.022279],""max"":[0.021005,0.015875,0.022279]}",1.0,1.0,2,13,False,ok,gltf_valid|size_ok|triangles_ok|usdz_present,palette_human; source_meter_scale_preserved; decimation_not_needed; lesion_visibility_halos_added_1
pv-case-074,C:\Users\nityj\OneDrive\Desktop\2 - Projects\Prostate View\prostateview-web-publish\public\demo-cases\pv-case-074\model.glb,C:\Users\nityj\OneDrive\Desktop\2 - Projects\Prostate View\prostateview-web-publish\models_ar_human\pv-case-074\model.glb,C:\Users\nityj\OneDrive\Desktop\2 - Projects\Prostate View\prostateview-web-publish\models_ar_human\pv-case-074\model.usdz,58804,60476,30610,30522,200436,140272,495043,"{""min"":[-0.026403,-0.0193,-0.027683],""max"":[0.026339,0.017436,0.025192]}","{""min"":[-0.026371,-0.018353,-0.026437],""max"":[0.026371,0.018353,0.026437]}",1.0,1.0,3,11,False,ok,gltf_valid|size_ok|triangles_ok|usdz_present,palette_human; source_meter_scale_preserved; decimation_not_needed
pv-case-075,C:\Users\nityj\OneDrive\Desktop\2 - Projects\Prostate View\prostateview-web-publish\public\demo-cases\pv-case-075\model.glb,C:\Users\nityj\OneDrive\Desktop\2 - Projects\Prostate View\prostateview-web-publish\models_ar_human\pv-case-075\model.glb,C:\Users\nityj\OneDrive\Desktop\2 - Projects\Prostate View\prostateview-web-publish\models_ar_human\pv-case-075\model.usdz,61176,65218,31805,32899,206656,152368,525215,"{""min"":[-0.025619,-0.017024,-0.020003],""max"":[0.025554,0.016513,0.023563]}","{""min"":[-0.025586,-0.016759,-0.021783],""max"":[0.025586,0.018218,0.021783]}",1.0,1.0,3,13,False,ok,gltf_valid|size_ok|triangles_ok|usdz_present,palette_human; source_meter_scale_preserved; decimation_not_needed; lesion_visibility_halos_added_1
pv-case-076,C:\Users\nityj\OneDrive\Desktop\2 - Projects\Prostate View\prostateview-web-publish\public\demo-cases\pv-case-076\model.glb,C:\Users\nityj\OneDrive\Desktop\2 - Projects\Prostate View\prostateview-web-publish\models_ar_human\pv-case-076\model.glb,C:\Users\nityj\OneDrive\Desktop\2 - Projects\Prostate View\prostateview-web-publish\models_ar_human\pv-case-076\model.usdz,58804,60472,30620,30520,200980,140772,494537,"{""min"":[-0.026861,-0.020742,-0.029763],""max"":[0.026548,0.01832,0.026748]}","{""min"":[-0.026704,-0.019513,-0.028256],""max"":[0.026704,0.019513,0.028256]}",1.0,1.0,2,11,False,ok,gltf_valid|size_ok|triangles_ok|usdz_present,palette_human; source_meter_scale_preserved; decimation_not_needed
pv-case-077,C:\Users\nityj\OneDrive\Desktop\2 - Projects\Prostate View\prostateview-web-publish\public\demo-cases\pv-case-077\model.glb,C:\Users\nityj\OneDrive\Desktop\2 - Projects\Prostate View\prostateview-web-publish\models_ar_human\pv-case-077\model.glb,C:\Users\nityj\OneDrive\Desktop\2 - Projects\Prostate View\prostateview-web-publish\models_ar_human\pv-case-077\model.usdz,62804,68748,32616,34548,210224,158180,559672,"{""min"":[-0.029824,-0.024457,-0.03069],""max"":[0.02978,0.021114,0.031864]}","{""min"":[-0.029802,-0.023961,-0.031277],""max"":[0.029802,0.022776,0.031277]}",1.0,1.0,4,17,False,ok,gltf_valid|size_ok|triangles_ok|usdz_present,palette_human; source_meter_scale_preserved; decimation_not_needed; lesion_visibility_halos_added_1
pv-case-078,C:\Users\nityj\OneDrive\Desktop\2 - Projects\Prostate View\prostateview-web-publish\public\demo-cases\pv-case-078\model.glb,C:\Users\nityj\OneDrive\Desktop\2 - Projects\Prostate View\prostateview-web-publish\models_ar_human\pv-case-078\model.glb,C:\Users\nityj\OneDrive\Desktop\2 - Projects\Prostate View\prostateview-web-publish\models_ar_human\pv-case-078\model.usdz,63804,70708,33109,35514,214484,165040,573168,"{""min"":[-0.033821,-0.025562,-0.029937],""max"":[0.033956,0.021064,0.021099]}","{""min"":[-0.03405,-0.023288,-0.025518],""max"":[0.033888,0.023288,0.025518]}",1.0,1.0,3,17,False,ok,gltf_valid|size_ok|triangles_ok|usdz_present,palette_human; source_meter_scale_preserved; decimation_not_needed; lesion_visibility_halos_added_1
pv-case-079,C:\Users\nityj\OneDrive\Desktop\2 - Projects\Prostate View\prostateview-web-publish\public\demo-cases\pv-case-079\model.glb,C:\Users\nityj\OneDrive\Desktop\2 - Projects\Prostate View\prostateview-web-publish\models_ar_human\pv-case-079\model.glb,C:\Users\nityj\OneDrive\Desktop\2 - Projects\Prostate View\prostateview-web-publish\models_ar_human\pv-case-079\model.usdz,58804,60468,30613,30516,199960,139628,494141,"{""min"":[-0.030001,-0.021002,-0.024945],""max"":[0.030843,0.017545,0.022468]}","{""min"":[-0.030422,-0.019255,-0.023707],""max"":[0.030422,0.019255,0.023707]}",1.0,1.0,2,11,False,ok,gltf_valid|size_ok|triangles_ok|usdz_present,palette_human; source_meter_scale_preserved; decimation_not_needed
pv-case-080,C:\Users\nityj\OneDrive\Desktop\2 - Projects\Prostate View\prostateview-web-publish\public\demo-cases\pv-case-080\model.glb,C:\Users\nityj\OneDrive\Desktop\2 - Projects\Prostate View\prostateview-web-publish\models_ar_human\pv-case-080\model.glb,C:\Users\nityj\OneDrive\Desktop\2 - Projects\Prostate View\prostateview-web-publish\models_ar_human\pv-case-080\model.usdz,63788,70554,33105,35437,214036,164576,568179,"{""min"":[-0.031304,-0.019385,-0.032606],""max"":[0.032264,0.023235,0.029943]}","{""min"":[-0.031784,-0.021281,-0.031274],""max"":[0.031784,0.022018,0.031274]}",1.0,1.0,3,17,False,ok,gltf_valid|size_ok|triangles_ok|usdz_present,palette_human; source_meter_scale_preserved; decimation_not_needed; lesion_visibility_halos_added_1
pv-case-081,C:\Users\nityj\OneDrive\Desktop\2 - Projects\Prostate View\prostateview-web-publish\public\demo-cases\pv-case-081\model.glb,C:\Users\nityj\OneDrive\Desktop\2 - Projects\Prostate View\prostateview-web-publish\models_ar_human\pv-case-081\model.glb,C:\Users\nityj\OneDrive\Desktop\2 - Projects\Prostate View\prostateview-web-publish\models_ar_human\pv-case-081\model.usdz,58804,60476,30608,30520,204444,144360,501201,"{""min"":[-0.028711,-0.020715,-0.027871],""max"":[0.029527,0.021047,0.028989]}","{""min"":[-0.029119,-0.020858,-0.02843],""max"":[0.029119,0.020858,0.02843]}",1.0,1.0,3,11,False,ok,gltf_valid|size_ok|triangles_ok|usdz_present,palette_human; source_meter_scale_preserved; decimation_not_needed
pv-case-082,C:\Users\nityj\OneDrive\Desktop\2 - Projects\Prostate View\prostateview-web-publish\public\demo-cases\pv-case-082\model.glb,C:\Users\nityj\OneDrive\Desktop\2 - Projects\Prostate View\prostateview-web-publish\models_ar_human\pv-case-082\model.glb,C:\Users\nityj\OneDrive\Desktop\2 - Projects\Prostate View\prostateview-web-publish\models_ar_human\pv-case-082\model.usdz,63804,70543,33078,35398,215500,166504,575251,"{""min"":[-0.028391,-0.029566,-0.024622],""max"":[0.030126,0.031854,0.03229]}","{""min"":[-0.030782,-0.040507,-0.028456],""max"":[0.034742,0.035207,0.028456]}",1.0,1.0,2,15,False,ok,gltf_valid|size_ok|triangles_ok|usdz_present,palette_human; source_meter_scale_preserved; decimation_not_needed; lesion_visibility_halos_added_1
pv-case-083,C:\Users\nityj\OneDrive\Desktop\2 - Projects\Prostate View\prostateview-web-publish\public\demo-cases\pv-case-083\model.glb,C:\Users\nityj\OneDrive\Desktop\2 - Projects\Prostate View\prostateview-web-publish\models_ar_human\pv-case-083\model.glb,C:\Users\nityj\OneDrive\Desktop\2 - Projects\Prostate View\prostateview-web-publish\models_ar_human\pv-case-083\model.usdz,63804,70376,33110,35474,212936,163348,567287,"{""min"":[-0.026799,-0.023881,-0.026033],""max"":[0.02365,0.022278,0.02664]}","{""min"":[-0.025224,-0.023051,-0.026337],""max"":[0.025224,0.023051,0.026337]}",1.0,1.0,4,13,False,ok,gltf_valid|size_ok|triangles_ok|usdz_present,palette_human; source_meter_scale_preserved; decimation_not_needed; lesion_visibility_halos_added_1
pv-case-084,C:\Users\nityj\OneDrive\Desktop\2 - Projects\Prostate View\prostateview-web-publish\public\demo-cases\pv-case-084\model.glb,C:\Users\nityj\OneDrive\Desktop\2 - Projects\Prostate View\prostateview-web-publish\models_ar_human\pv-case-084\model.glb,C:\Users\nityj\OneDrive\Desktop\2 - Projects\Prostate View\prostateview-web-publish\models_ar_human\pv-case-084\model.usdz,58804,60474,30619,30525,204088,143736,501753,"{""min"":[-0.026722,-0.017894,-0.028134],""max"":[0.029006,0.023198,0.018838]}","{""min"":[-0.027864,-0.02053,-0.023486],""max"":[0.027864,0.02053,0.023486]}",1.0,1.0,2,11,False,ok,gltf_valid|size_ok|triangles_ok|usdz_present,palette_human; source_meter_scale_preserved; decimation_not_needed
pv-case-085,C:\Users\nityj\OneDrive\Desktop\2 - Projects\Prostate View\prostateview-web-publish\public\demo-cases\pv-case-085\model.glb,C:\Users\nityj\OneDrive\Desktop\2 - Projects\Prostate View\prostateview-web-publish\models_ar_human\pv-case-085\model.glb,C:\Users\nityj\OneDrive\Desktop\2 - Projects\Prostate View\prostateview-web-publish\models_ar_human\pv-case-085\model.usdz,63788,70554,33105,35437,214036,164576,568179,"{""min"":[-0.031304,-0.019385,-0.032606],""max"":[0.032264,0.023235,0.029943]}","{""min"":[-0.031784,-0.021281,-0.031274],""max"":[0.031784,0.022018,0.031274]}",1.0,1.0,3,17,False,ok,gltf_valid|size_ok|triangles_ok|usdz_present,palette_human; source_meter_scale_preserved; decimation_not_needed; lesion_visibility_halos_added_1
pv-case-086,C:\Users\nityj\OneDrive\Desktop\2 - Projects\Prostate View\prostateview-web-publish\public\demo-cases\pv-case-086\model.glb,C:\Users\nityj\OneDrive\Desktop\2 - Projects\Prostate View\prostateview-web-publish\models_ar_human\pv-case-086\model.glb,C:\Users\nityj\OneDrive\Desktop\2 - Projects\Prostate View\prostateview-web-publish\models_ar_human\pv-case-086\model.usdz,58804,60470,30614,30521,201036,140952,494501,"{""min"":[-0.02456,-0.022525,-0.027782],""max"":[0.026574,0.019411,0.027929]}","{""min"":[-0.025567,-0.020948,-0.027855],""max"":[0.025567,0.020948,0.027855]}",1.0,1.0,3,11,False,ok,gltf_valid|size_ok|triangles_ok|usdz_present,palette_human; source_meter_scale_preserved; decimation_not_needed
pv-case-087,C:\Users\nityj\OneDrive\Desktop\2 - Projects\Prostate View\prostateview-web-publish\public\demo-cases\pv-case-087\model.glb,C:\Users\nityj\OneDrive\Desktop\2 - Projects\Prostate View\prostateview-web-publish\models_ar_human\pv-case-087\model.glb,C:\Users\nityj\OneDrive\Desktop\2 - Projects\Prostate View\prostateview-web-publish\models_ar_human\pv-case-087\model.usdz,62208,67536,32314,33936,207504,154832,544294,"{""min"":[-0.030287,-0.020619,-0.030912],""max"":[0.031201,0.020341,0.033362]}","{""min"":[-0.030744,-0.020462,-0.032137],""max"":[0.0309,0.020462,0.032137]}",1.0,1.0,4,17,False,ok,gltf_valid|size_ok|triangles_ok|usdz_present,palette_human; source_meter_scale_preserved; decimation_not_needed; lesion_visibility_halos_added_1
pv-case-088,C:\Users\nityj\OneDrive\Desktop\2 - Projects\Prostate View\prostateview-web-publish\public\demo-cases\pv-case-088\model.glb,C:\Users\nityj\OneDrive\Desktop\2 - Projects\Prostate View\prostateview-web-publish\models_ar_human\pv-case-088\model.glb,C:\Users\nityj\OneDrive\Desktop\2 - Projects\Prostate View\prostateview-web-publish\models_ar_human\pv-case-088\model.usdz,62700,68376,32554,34466,204892,153308,533414,"{""min"":[-0.020259,-0.015251,-0.023643],""max"":[0.019445,0.013211,0.019175]}","{""min"":[-0.02094,-0.016978,-0.021409],""max"":[0.019852,0.014219,0.021409]}",1.0,1.0,4,13,False,ok,gltf_valid|size_ok|triangles_ok|usdz_present,palette_human; source_meter_scale_preserved; decimation_not_needed; lesion_visibility_halos_added_1
pv-case-089,C:\Users\nityj\OneDrive\Desktop\2 - Projects\Prostate View\prostateview-web-publish\public\demo-cases\pv-case-089\model.glb,C:\Users\nityj\OneDrive\Desktop\2 - Projects\Prostate View\prostateview-web-publish\models_ar_human\pv-case-089\model.glb,C:\Users\nityj\OneDrive\Desktop\2 - Projects\Prostate View\prostateview-web-publish\models_ar_human\pv-case-089\model.usdz,62352,67482,32388,34029,208256,155988,538807,"{""min"":[-0.023459,-0.019342,-0.015487],""max"":[0.025031,0.018665,0.015832]}","{""min"":[-0.024245,-0.018996,-0.01566],""max"":[0.024245,0.020836,0.01566]}",1.0,1.0,4,13,False,ok,gltf_valid|size_ok|triangles_ok|usdz_present,palette_human; source_meter_scale_preserved; decimation_not_needed; lesion_visibility_halos_added_1
pv-case-090,C:\Users\nityj\OneDrive\Desktop\2 - Projects\Prostate View\prostateview-web-publish\public\demo-cases\pv-case-090\model.glb,C:\Users\nityj\OneDrive\Desktop\2 - Projects\Prostate View\prostateview-web-publish\models_ar_human\pv-case-090\model.glb,C:\Users\nityj\OneDrive\Desktop\2 - Projects\Prostate View\prostateview-web-publish\models_ar_human\pv-case-090\model.usdz,58804,60656,30623,30496,202496,142496,505255,"{""min"":[-0.030736,-0.024047,-0.038706],""max"":[0.030843,0.024869,0.040325]}","{""min"":[-0.030789,-0.024441,-0.039515],""max"":[0.030789,0.024441,0.039515]}",1.0,1.0,2,15,False,ok,gltf_valid|size_ok|triangles_ok|usdz_present,palette_human; source_meter_scale_preserved; decimation_not_needed
pv-case-091,C:\Users\nityj\OneDrive\Desktop\2 - Projects\Prostate View\prostateview-web-publish\public\demo-cases\pv-case-091\model.glb,C:\Users\nityj\OneDrive\Desktop\2 - Projects\Prostate View\prostateview-web-publish\models_ar_human\pv-case-091\model.glb,C:\Users\nityj\OneDrive\Desktop\2 - Projects\Prostate View\prostateview-web-publish\models_ar_human\pv-case-091\model.usdz,52552,57322,27492,28981,184192,129864,442558,"{""min"":[-0.019705,-0.011046,-0.020366],""max"":[0.019531,0.011577,0.018984]}","{""min"":[-0.019618,-0.01153,-0.019675],""max"":[0.019618,0.011298,0.019675]}",1.0,1.0,4,9,False,ok,gltf_valid|size_ok|triangles_ok|usdz_present,palette_human; source_meter_scale_preserved; decimation_not_needed; lesion_visibility_halos_added_1
pv-case-092,C:\Users\nityj\OneDrive\Desktop\2 - Projects\Prostate View\prostateview-web-publish\public\demo-cases\pv-case-092\model.glb,C:\Users\nityj\OneDrive\Desktop\2 - Projects\Prostate View\prostateview-web-publish\models_ar_human\pv-case-092\model.glb,C:\Users\nityj\OneDrive\Desktop\2 - Projects\Prostate View\prostateview-web-publish\models_ar_human\pv-case-092\model.usdz,63804,70660,33134,35500,213056,164080,568091,"{""min"":[-0.031663,-0.021166,-0.033385],""max"":[0.026103,0.024739,0.032441]}","{""min"":[-0.028883,-0.022934,-0.032913],""max"":[0.028883,0.022934,0.032913]}",1.0,1.0,2,17,False,ok,gltf_valid|size_ok|triangles_ok|usdz_present,palette_human; source_meter_scale_preserved; decimation_not_needed; lesion_visibility_halos_added_1
pv-case-093,C:\Users\nityj\OneDrive\Desktop\2 - Projects\Prostate View\prostateview-web-publish\public\demo-cases\pv-case-093\model.glb,C:\Users\nityj\OneDrive\Desktop\2 - Projects\Prostate View\prostateview-web-publish\models_ar_human\pv-case-093\model.glb,C:\Users\nityj\OneDrive\Desktop\2 - Projects\Prostate View\prostateview-web-publish\models_ar_human\pv-case-093\model.usdz,61340,65548,31884,33066,204960,150932,521070,"{""min"":[-0.025037,-0.019672,-0.022475],""max"":[0.023894,0.013535,0.01786]}","{""min"":[-0.024465,-0.016589,-0.020168],""max"":[0.024465,0.016589,0.020168]}",1.0,1.0,4,13,False,ok,gltf_valid|size_ok|triangles_ok|usdz_present,palette_human; source_meter_scale_preserved; decimation_not_needed; lesion_visibility_halos_added_1
pv-case-094,C:\Users\nityj\OneDrive\Desktop\2 - Projects\Prostate View\prostateview-web-publish\public\demo-cases\pv-case-094\model.glb,C:\Users\nityj\OneDrive\Desktop\2 - Projects\Prostate View\prostateview-web-publish\models_ar_human\pv-case-094\model.glb,C:\Users\nityj\OneDrive\Desktop\2 - Projects\Prostate View\prostateview-web-publish\models_ar_human\pv-case-094\model.usdz,58804,60732,30610,30530,201896,141460,499866,"{""min"":[-0.02745,-0.02769,-0.033698],""max"":[0.026139,0.022006,0.031918]}","{""min"":[-0.026795,-0.02483,-0.032808],""max"":[0.026795,0.02483,0.032808]}",1.0,1.0,3,15,False,ok,gltf_valid|size_ok|triangles_ok|usdz_present,palette_human; source_meter_scale_preserved; decimation_not_needed
pv-case-095,C:\Users\nityj\OneDrive\Desktop\2 - Projects\Prostate View\prostateview-web-publish\public\demo-cases\pv-case-095\model.glb,C:\Users\nityj\OneDrive\Desktop\2 - Projects\Prostate View\prostateview-web-publish\models_ar_human\pv-case-095\model.glb,C:\Users\nityj\OneDrive\Desktop\2 - Projects\Prostate View\prostateview-web-publish\models_ar_human\pv-case-095\model.usdz,63008,68884,32702,34716,211164,160324,557027,"{""min"":[-0.024795,-0.020536,-0.027152],""max"":[0.02645,0.019235,0.028783]}","{""min"":[-0.025623,-0.021929,-0.027968],""max"":[0.025623,0.019871,0.027968]}",1.0,1.0,4,13,False,ok,gltf_valid|size_ok|triangles_ok|usdz_present,palette_human; source_meter_scale_preserved; decimation_not_needed; lesion_visibility_halos_added_1
pv-case-096,C:\Users\nityj\OneDrive\Desktop\2 - Projects\Prostate View\prostateview-web-publish\public\demo-cases\pv-case-096\model.glb,C:\Users\nityj\OneDrive\Desktop\2 - Projects\Prostate View\prostateview-web-publish\models_ar_human\pv-case-096\model.glb,C:\Users\nityj\OneDrive\Desktop\2 - Projects\Prostate View\prostateview-web-publish\models_ar_human\pv-case-096\model.usdz,60740,64604,31580,32470,206668,151456,525039,"{""min"":[-0.028011,-0.02013,-0.029539],""max"":[0.029102,0.01927,0.032983]}","{""min"":[-0.028556,-0.020545,-0.031261],""max"":[0.028556,0.019684,0.031261]}",1.0,1.0,4,17,False,ok,gltf_valid|size_ok|triangles_ok|usdz_present,palette_human; source_meter_scale_preserved; decimation_not_needed; lesion_visibility_halos_added_1
pv-case-097,C:\Users\nityj\OneDrive\Desktop\2 - Projects\Prostate View\prostateview-web-publish\public\demo-cases\pv-case-097\model.glb,C:\Users\nityj\OneDrive\Desktop\2 - Projects\Prostate View\prostateview-web-publish\models_ar_human\pv-case-097\model.glb,C:\Users\nityj\OneDrive\Desktop\2 - Projects\Prostate View\prostateview-web-publish\models_ar_human\pv-case-097\model.usdz,62612,68092,32514,34332,206584,154044,537974,"{""min"":[-0.027333,-0.019729,-0.018167],""max"":[0.026732,0.01814,0.016656]}","{""min"":[-0.027033,-0.018924,-0.017412],""max"":[0.027033,0.02044,0.017412]}",1.0,1.0,4,13,False,ok,gltf_valid|size_ok|triangles_ok|usdz_present,palette_human; source_meter_scale_preserved; decimation_not_needed; lesion_visibility_halos_added_1
pv-case-098,C:\Users\nityj\OneDrive\Desktop\2 - Projects\Prostate View\prostateview-web-publish\public\demo-cases\pv-case-098\model.glb,C:\Users\nityj\OneDrive\Desktop\2 - Projects\Prostate View\prostateview-web-publish\models_ar_human\pv-case-098\model.glb,C:\Users\nityj\OneDrive\Desktop\2 - Projects\Prostate View\prostateview-web-publish\models_ar_human\pv-case-098\model.usdz,58804,60732,30610,30530,201896,141460,499866,"{""min"":[-0.02745,-0.02769,-0.033698],""max"":[0.026139,0.022006,0.031918]}","{""min"":[-0.026795,-0.02483,-0.032808],""max"":[0.026795,0.02483,0.032808]}",1.0,1.0,3,15,False,ok,gltf_valid|size_ok|triangles_ok|usdz_present,palette_human; source_meter_scale_preserved; decimation_not_needed
pv-case-099,C:\Users\nityj\OneDrive\Desktop\2 - Projects\Prostate View\prostateview-web-publish\public\demo-cases\pv-case-099\model.glb,C:\Users\nityj\OneDrive\Desktop\2 - Projects\Prostate View\prostateview-web-publish\models_ar_human\pv-case-099\model.glb,C:\Users\nityj\OneDrive\Desktop\2 - Projects\Prostate View\prostateview-web-publish\models_ar_human\pv-case-099\model.usdz,63804,70732,33098,35522,214316,164140,583773,"{""min"":[-0.029862,-0.023703,-0.032777],""max"":[0.030311,0.022767,0.029754]}","{""min"":[-0.030086,-0.023585,-0.031266],""max"":[0.030086,0.023213,0.031266]}",1.0,1.0,4,17,False,ok,gltf_valid|size_ok|triangles_ok|usdz_present,palette_human; source_meter_scale_preserved; decimation_not_needed; lesion_visibility_halos_added_1
pv-case-100,C:\Users\nityj\OneDrive\Desktop\2 - Projects\Prostate View\prostateview-web-publish\public\demo-cases\pv-case-100\model.glb,C:\Users\nityj\OneDrive\Desktop\2 - Projects\Prostate View\prostateview-web-publish\models_ar_human\pv-case-100\model.glb,C:\Users\nityj\OneDrive\Desktop\2 - Projects\Prostate View\prostateview-web-publish\models_ar_human\pv-case-100\model.usdz,61280,65608,31850,32972,200644,145696,518340,"{""min"":[-0.026488,-0.019329,-0.027931],""max"":[0.025862,0.020024,0.037797]}","{""min"":[-0.026175,-0.019635,-0.032864],""max"":[0.026175,0.019635,0.032864]}",1.0,1.0,4,17,False,ok,gltf_valid|size_ok|triangles_ok|usdz_present,palette_human; source_meter_scale_preserved; decimation_not_needed; lesion_visibility_halos_added_1
synthetic-demo,C:\Users\nityj\OneDrive\Desktop\2 - Projects\Prostate View\prostateview-web-publish\public\demo-cases\synthetic-demo\model.glb,C:\Users\nityj\OneDrive\Desktop\2 - Projects\Prostate View\prostateview-web-publish\models_ar_human\synthetic-demo\model.glb,C:\Users\nityj\OneDrive\Desktop\2 - Projects\Prostate View\prostateview-web-publish\models_ar_human\synthetic-demo\model.usdz,51408,52544,25712,26454,748328,117392,238024,"{""min"":[-0.015507,-0.015507,-0.005756],""max"":[0.015507,0.015506,0.005756]}","{""min"":[-0.015498,-0.015498,-0.005756],""max"":[0.015498,0.015498,0.005756]}",1.0,1.0,4,5,False,ok,gltf_valid|size_ok|triangles_ok|usdz_present,palette_human; source_meter_scale_preserved; decimation_not_needed; lesion_visibility_halos_added_1
